{
  "name" : "createVIPhelper_multiple_vip_under_wideip",
  "scriptType" : "Python",
  "scriptContent" : "import sys\nimport json\nimport pymongo\nimport os\nfrom pymongo import MongoClient\nimport socket\nimport appviewx\n\t\nconnect_db = appviewx.db_connection()\ndb = connect_db.appviewx\ncollection = db.device\ncollection_group = db.deviceGroup\ncollection_me_adc = db.me_adc\ncollection_certificates = db.certificates\n\nmonitor_default_list = ['diameter', 'inband', 'nntp', 'radius', 'scripted', 'snmp-dca-base', 'udp', 'dns', 'ldap', 'none', 'radius-accounting', 'sip', 'soap', 'virtual-location', 'external', 'module-score', 'oracle', 'real-server', 'smb', 'wap', 'firepass', 'icmp', 'mssql', 'pop3', 'rpc', 'tcp-echo', 'wmi', 'ftp', 'imap', 'mysql', 'postgresql', 'sasp', 'snmp-dca', 'tcp-half-open']\n\ndef device_list():\n\treturn list(set(value['name'] for value in collection.find({'vendor' : 'F5','category':'ADC'})))\n\ndef fetchDCList():\n\treturn list(set([value['dataCenter'] for value in collection.find({},{'dataCenter':1}) if value.get('dataCenter',None)]))\n\ndef fetchDGList(dc_name):\n\tdg_list = []\n\tfor value in collection.find({\"dataCenter\": dc_name}):\n\t\tif value.get('deviceGroups',False):\n\t\t\tdg_list += value['deviceGroups']\n\treturn list(set([value['name'] for val in dg_list for value in collection_group.find({\"_id\": val},{'name':1})]) ) \n\ndef fetchLBList(data_group_name):\n\tdg_group_list = [val[\"_id\"] for val in collection_group.find({\"name\": data_group_name},{'_id':1})]\n\tlb_list = [value['name'] for value in collection.find({'deviceGroups': {'$in': dg_group_list}},{'name':1})]\n\treturn sorted(lb_list, key=lambda s:s.lower())\n\ndef fetchDeviceID(device_name):\n\treturn str(collection.find_one({\"name\": device_name}, {'_id': 1})['_id'])\n\ndef fetchRuleList(device_name):\n\tdevice_id = fetchDeviceID(device_name)\n\treturn [value['name'] for value in collection_me_adc.find({'deviceId': device_id, \"code\": \"lr\"},{'name':1})]\n\ndef fetchProfiles(device_name, protocol):\n\tdevice_id = fetchDeviceID(device_name)\n\treturn [value['name'] for value in collection_me_adc.find({'deviceId': device_id, 'type': protocol, \"code\": \"lpr\"}, {'name': 1})]\n\ndef fetchMonitors(device_name):\n\tdevice_id = fetchDeviceID(device_name)\n\treturn [value['name'] for value in collection_me_adc.find({\"deviceId\": device_id, \"code\": \"lm\", \"partition\": \"Common\"},{'name':1}) if value['name'] not in monitor_default_list and '.app/' not in value['name']]\n\ndef fetchCertNames(device_name):\n\tdevice_id = fetchDeviceID(device_name)\n\treturn [value['name'] for value in collection_certificates.find({'deviceId': {'$in': [device_id]}},{'name':1})]\n\ndef fetchCertKeyNames(device_name):\n\tdevice_id = fetchDeviceID(device_name)\n\treturn [value['keyId'] for value in collection_certificates.find({'deviceId': {'$in': [device_id]}},{'keyId':1})]\n\ndef fetchVipNames(device_name):\n\tdevice_id = fetchDeviceID(device_name)\n\treturn [value['name'] for value in collection_me_adc.find({'deviceId': device_id, \"code\": \"vs\"},{'name':1})]\n\ndef fetchVipNameswithIPport(device_name):\n\tdevice_id = fetchDeviceID(device_name)\n\treturn [(value['name'] + \" || \"+value['destinationIp']+\":\"+value[\"destinationPort\"]) for value in collection_me_adc.find({'deviceId': device_id, \"code\": \"vs\"})]\n\ndef fetchClientAndServerProf(device_name,vip_name):\n\tserver_profile = []\n\tclient_profile = []\n\tdestination_port = []\n\tclient_profile_list = []\n\tserver_profile_list = []\n\tdevice_id = fetchDeviceID(device_name)\n\tfor value in collection_me_adc.find({'name': vip_name, \"code\": \"vs\"}):\n\t\tclient_profile.append(value['clientprofile'])\n\t\tserver_profile.append(value['serverprofile'])\n\t\tdestination_port.append(value['destinationPort'])\n\tif client_profile:\n\t\tclient_profile = client_profile[0].split(',')\n\t\tclient_profile_list =  [value['name'] for i in client_profile for value in collection_me_adc.find({'name': i, \"code\": \"lpr\", 'deviceId': device_id, \"type\":\"client-ssl\"},{'name':1})]\n\tif server_profile:\n\t\tserver_profile = server_profile[0].split(',')\n\t\tserver_profile_list =  [value['name'] for i in server_profile for value in collection_me_adc.find({'name': i, \"code\": \"lpr\", 'deviceId': device_id, \"type\":'server-ssl'},{'name':1})]\n\treturn client_profile_list + server_profile_list + destination_port\n\ndef fetchClientAndServerProtProf(device_name, vip_name):\n\tserver_profile = []\n\tclient_profile = []\n\tfor value in collection_me_adc.find({'name': vip_name, \"code\": \"vs\"}):\n\t\tif value['clientprofile']:\n\t\t\tclient_profile.append(value['clientprofile'])\n\t\tif value['serverprofile']:\n\t\t\tserver_profile.append(value['serverprofile'])\n\tdevice_id = fetchDeviceID(device_name)\n\tif client_profile:\n\t\tclient_profile = client_profile[0].split(',')\n\t\tclient_profile_list =  [value['name'] for i in client_profile for value in collection_me_adc.find({'name': i, 'deviceId': device_id, \"code\": \"lpr\"}) if value['type'] != 'client-ssl']\n\tif server_profile:\n\t\tserver_profile = server_profile[0].split(',')\n\t\tserver_profile_list =  [value['name'] for i in server_profile for value in collection_me_adc.find({'name': i, 'deviceId': device_id, \"code\": \"lpr\"}) if value['type'] != 'server-ssl']\n\t\t\n   \n\treturn client_profile_list + server_profile_list\n\ndef fetchProfBasedOnVip(vip_name, prof_type):\n\tProf = []\n\tif prof_type == 'persist':\n\t\tprof = list(set([value['persist'] for value in collection_me_adc.find({'name': vip_name, \"code\": \"vs\"},{'persist':1})]))\n\telif prof_type == 'fallback':\n\t\tprof = list(set([value['fallback'] for value in collection_me_adc.find({'name': vip_name, \"code\": \"vs\"},{'fallback':1})]))\n\tprofiles = []\n\tfor value in collection.find({'name': vip_name, \"code\": \"vs\"}):\n\t\tprofiles += value['profiles'][0].split(',')\n\tif prof_type == 'oneconn':\n\t\tprof = list(set([value['name'] for i in profiles for value in collection_me_adc.find({'name': i, \"code\": \"lpr\", \"type\":\"one-connect\"},{'name',1})]))\n\telif(prof_type == 'http'):\n\t\tprof = list(set([value['name'] for i in profiles for value in collection_me_adc.find({'name': i, \"code\": \"lpr\", \"type\":'http'},{'name':1})]))\n\telif(prof_type == 'ftp'):\n\t\tprof = list(set([value['name'] for i in profiles for value in collection_me_adc.find({'name': i, \"code\": \"lpr\", 'type':'ftp'})]))\n\telif(prof_type == 'snat'):\n\t\tfor value in collection.find({'name': vip_name, \"code\": \"vs\"}):\n\t\t\tprof += value['snat'].split(',')\n\treturn prof\n\ndef fetchPoolsBasedonVip(vip_name,device_id):\n\tpools = []\n\tfor value in collection_me_adc.find({'name': vip_name, \"code\": \"vs\", \"deviceId\":device_id}):\n\t\tpools += value['pool'].split(',')\n\treturn pools\n\ndef fetchMonitorsBasedonPool(pool_name,device_id):\n\tmonitors = []\n\tfor value in collection_me_adc.find({'name': pool_name, \"code\": \"lp\", \"deviceId\":device_id}):\n\t\tmonitors += value['monitorAll']\n\treturn monitors\n\ndef fetchRulesBasedonVip(vip_name,device_id):\n\trules = []\n\tfor value in collection_me_adc.find({'name': vip_name, \"code\": \"vs\", \"deviceId\":device_id}):\n\t\trules += value['rules']\n\treturn rules\n\ndef fetchMirrorStatus(vip_name,device_id):\n\treturn collection_me_adc.find_one({'name': vip_name, \"code\": \"vs\", \"deviceId\":device_id})['mirror'] or ''\n\ndef fetchlbMethod(vip_name,device_id):\n\tpool = fetchPoolsBasedonVip(vip_name)\n\treturn collection_me_adc.find_one({'name': pool[0], \"code\": \"lp\", \"deviceId\":device_id})['lbmode'] or ''\n\ndef fetchPoolMembersOfVip(vip_name,device_id):\n\tpool = fetchPoolsBasedonVip(vip_name)\n\tpool_mems_list_of_dict = []\n\tpool_mems = collection_me_adc.find_one({'name': pool[0], \"code\": \"lp\", \"deviceId\":device_id})['lpm'] or []\n\tfor i in range(len(pool_mems)):\n\t\tfor value in collection_me_adc.find({'_id': pool_mems[i], \"code\": \"lpm\"}):\n\t\t\tmember_dict = {'pm_ip_addr': value['ip'], 'pm_port': value['port'], 'ratio': value['ratio'], 'status_id': value['state'], 'priority': value['priority']}\n\t\t\tpool_mems_list_of_dict.append(member_dict)\n\treturn pool_mems_list_of_dict\n\ndef fetchSourcePort(vip_name,device_id):\n\treturn collection_me_adc.find_one({'name': vip_name, \"code\": \"vs\", \"deviceId\":device_id})['sourcePort'] or ''\n\ndef split_vip(vip_name):\n\treturn vip_name.split(\"||\")[0].rstrip()\n\ndef fetchPriorityGroup(vip_name,device_id):\n\tpoolName = fetchPoolsBasedonVip(vip_name)\n\treturn collection_me_adc.find_one({'name': poolName[0], \"code\": \"lp\", \"deviceId\":device_id})['priority'] or ''\n\ndef return_path():\n\tabs_path = os.path.dirname(os.path.abspath(__file__))\n\treturn abs_path\n\ndef create_listofcommands_for_pending_wo(final_list_of_commands, field_id_of_validate_across_workorder):\n\tdb_ip = socket.gethostbyname(socket.gethostname())\n\tconnect_db = MongoClient(db_ip, 5000)\n\tconnect_db.admin.authenticate('admin', 'admin')\n\tdb = connect_db.workFlowDBEngine\n\tdbs = connect_db.appviewx\n\tcollection = db.workorder_details\n\tcollection1 = dbs.apsRequests\n\tconflict = 0\n\tfinal = []\n\ttemp = []\n\tfor val in collection.find({\"workorder_status\": \"In Progress\"}):\n\t\ttemp = []\n\t\ttemp = val[\"tasks\"][1][\"task_input\"][\"input_data\"][\"implementation_config\"][\"deviceList\"][0][\"commands\"]\n\t\tfor val1 in temp:\n\n\t\t\tfor mem in final_list_of_commands:\n\t\t\t\tfrom_form = mem.split(\" \")\n\t\t\t\tfrom_db = val1.split(\" \")\n\t\t\t\tfrom_form = filter(None, from_form)\n\t\t\t\tfrom_db = filter(None, from_db)\n\t\t\t\tif (len(from_db) > 0) and (len(from_form) > 0):\n\t\t\t\t\tif (from_db[0] == from_form[0]) and (from_form[0] in {\"create\", \"modify\", \"delete\"}):\n\t\t\t\t\t\tif len(from_db) > 4 and len(from_form) > 4:\n\t\t\t\t\t\t\tif (from_db[2] == from_form[2]) and (from_db[2] in {\"virtual\", \"pool\", \"rule\", \"snatpool\", \"wideip\", \"server\"}):\n\t\t\t\t\t\t\t\tif from_db[1] == from_form[1] and from_db[2] == from_form[2] and from_db[3] == from_form[3]:\n\t\t\t\t\t\t\t\t\tfor val2 in collection1.find({\"workOrderIds\": str(val[\"_id\"])}):\n\t\t\t\t\t\t\t\t\t\tmessage = \"There is a pending work order with similar object details \\n\\n\"\n\t\t\t\t\t\t\t\t\t\tr_id = val2[\"requestId\"] + \"\\n\"\n\t\t\t\t\t\t\t\t\t\ttemplate_name = \"Template : \" + val[\"description\"] + \"\\n\"\n\t\t\t\t\t\t\t\t\t\tcreated_by = \"Created by : \" + val[\"created_by\"] + \"\\n\"\n\t\t\t\t\t\t\t\t\t\treq_id = \"Request ID : \" + r_id + \"\\n\"\n\t\t\t\t\t\t\t\t\t\terror_str = message + template_name + created_by + req_id + \"Config : \" + val1\n\t\t\t\t\t\t\t\t\t\toutput = {field_id_of_validate_across_workorder: error_str}\n\t\t\t\t\t\t\t\t\t\tfinal.append(output)\n\t\t\t\t\t\t\t\t\t\tprint (json.dumps({\"error\": \"Work order with similar object(s) exists\", \"data\": final}))\n\t\t\t\t\t\t\tif (from_db[3] == from_form[3]) and (from_db[3] in {\"persistence\", \"profile\", \"monitor\"}):\n\t\t\t\t\t\t\t\tif from_db[1] == from_form[1] and from_db[2] == from_form[2] and from_db[3] == from_form[3] and from_db[4] == from_form[4]:\n\t\t\t\t\t\t\t\t\tfor val2 in collection1.find({\"workOrderIds\": str(val[\"_id\"])}):\n\t\t\t\t\t\t\t\t\t\tmessage = \"There is a pending work order with similar object details \\n\\n\"\n\t\t\t\t\t\t\t\t\t\tr_id = val2[\"requestId\"] + \"\\n\"\n\t\t\t\t\t\t\t\t\t\ttemplate_name = \"Template : \" + val[\"description\"] + \"\\n\"\n\t\t\t\t\t\t\t\t\t\tcreated_by = \"Created by : \" + val[\"created_by\"] + \"\\n\"\n\t\t\t\t\t\t\t\t\t\treq_id = \"Request ID : \" + r_id + \"\\n\"\n\t\t\t\t\t\t\t\t\t\terror_str = message + template_name + created_by + req_id + \"Config : \" + val1\n\t\t\t\t\t\t\t\t\t\toutput = {field_id_of_validate_across_workorder: error_str}\n\t\t\t\t\t\t\t\t\t\tfinal.append(output)\n\t\t\t\t\t\t\t\t\t\tprint (json.dumps({\"error\": \"Work order with similar object(s) exists\", \"data\": final}))\n\toutput = {\"work_order_check\": \"Success, No Conflicts Found\"}\n\tfinal.append(output)\n\tprint (json.dumps({\"message\": \"No pending work order(s) exists\", \"data\": final}))\n\treturn",
  "description" : "",
  "_id" : "createVIPhelper_multiple_vip_under_wideip",
  "_keywords" : [ "createVIPhelper_multiple_vip_under_wideip", "" ]
}