{
  "name" : "new_asm_policy_creation_vw",
  "scriptType" : "Python",
  "scriptContent" : "import sys\nimport json\nimport subprocess\nimport os\nsys.path.insert(0,AVX::DEPENDENCIES)\nsys.path.insert(0,AVX::HELPER)\nimport appviewx\nimport Decrypt_Python3 as Decrypt\nimport urllib.request\nimport base64\nimport ssl\n\nconnect_db = appviewx.db_connection()\ndb = connect_db.appviewx\ndevice_coll = db.device\nme_adc_coll = db.me_adc\n\ndevice_ip = sys.argv[1]\ndr_device_list = sys.argv[2]\nform_fields = json.loads(sys.argv[-1])\nusername, password = Decrypt.getpassword(dr_device_list)\n\nBASE_URL = 'https://{dev_ip}/mgmt/tm/asm/policies'.format(dev_ip=device_ip)\ncipher = Decrypt.getencoded(dr_device_list)\ncipher = isinstance(cipher,bytes) and  bytes.decode(cipher,'utf-8') or cipher\nencode_text = 'Basic ' + cipher\npost_header = {'Authorization': encode_text, 'Content-Type': 'application/json'}\n\nimport time\ntime.sleep(60)\n\n\ndef get_version():\n    '''Get version of the selected device'''\n    global version\n    detailversion = [config['detailedVersion'] for config in device_coll.find({'name': dr_device_list}, {'detailedVersion': 1})]\n    version = detailversion[0].split(' ')[0]    \n\ndef get_hash_code():\n    '''Get hash code for the created policy'''\n    global hash_code    \n    req = urllib.request.Request(\"https://\"+ device_ip +\"/mgmt/tm/asm/policies/\")\n    credentials = username+\":\"+password\n    encoded_credentials = base64.b64encode(credentials.encode('UTF-8'))\n    authorization = b'Basic ' + encoded_credentials\n    req.add_header('Authorization', authorization)\n    req.add_header('content-type', 'application/json')\n    gcontext = ssl.SSLContext(ssl.PROTOCOL_TLSv1)\n    response = urllib.request.urlopen(req, context=gcontext)\n    #response = urllib.request.urlopen(req)\n    responseString = response.read().decode(\"utf-8\")\n    response.close()\n    l = json.loads(responseString)\n    ls = {i['name']: i['id'] for i in l['items']}\n    hash_code = ls[form_fields['txt_policy_name']]\n    #print (\"hascode\",hash_code )\n\ndef add_geolocations():\n    '''Adding Geolocations to the created Policy'''\n    add_geolocations_api = '{base_url}/{hash_code}/geolocation-enforcement'.format(base_url=BASE_URL, hash_code=hash_code)\n    locations = form_fields['dr_source_filter_disallowed_location'].split(',')\n    geolocation_json = {\"disallowedLocations\": locations}\n    geolocation_curl = 'curl -k1 -H \"Authorization:' + encode_text + '\"' + ' -H \"Content-Type:application/json\"' + ' -X PATCH ' + add_geolocations_api + \" --data '\" + json.dumps(geolocation_json) + \"'\"\n    status, output = subprocess.getstatusoutput(geolocation_curl)\n    #print (\"add_geolocations\", status)\n\ndef add_virtual_server():\n    '''Adding Virtual Server(s) to the created Policy'''\n    add_virtual_server_api = '{base_url}/{hash_code}'.format(base_url=BASE_URL, hash_code=hash_code)\n    virtual_servers = form_fields['dr_virtual_servers'].split(',')\n    virtual_server_json = {'virtualServers': virtual_servers}\n    virtual_server_curl = 'curl -k1 -H \"Authorization:' + encode_text + '\"' + ' -H \"Content-Type:application/json\"' + ' -X PATCH ' + add_virtual_server_api + \" --data '\" + json.dumps(virtual_server_json) + \"'\"\n    status, output = subprocess.getstatusoutput(virtual_server_curl)\n    #print (\"virtual_servers\", status)\n    \ndef add_vulnerability_tools():\n    '''Adding Vulnerability Tools to the created Policy'''\n    add_vulnerability_tool_api = '{base_url}/{hash_code}/vulnerability-assessment'.format(base_url=BASE_URL, hash_code=hash_code)\n    if version == '12.1.1':\n        vulnerability_tools = {\"Generic Scanner\": \"generic\", \"HP WebInspect\": \"hp-webinspect\", \"IBM-Appscan\": \"ibm-appscan\", \"Qualys\": \"qualys\", \"Trustwave App Scanner (Cenzic)\": \"trustwave\", \"WhiteHat Sentinel\": \"whitehat-sentinel\"}\n    else:\n        vulnerability_tools = {\"Generic Scanner\": \"generic\", \"HP WebInspect\": \"hp-webinspect\", \"IBM-Appscan\": \"ibm-appscan\", \"Qualys\": \"qualys-guard\", \"Trustwave App Scanner (Cenzic)\": \"cenzic-hailstorm\", \"WhiteHat Sentinel\": \"whitehat-sentinel\"}\n    for key, val in vulnerability_tools.items():\n        if key == form_fields['dr_vulnerability_tool']:\n            vulnerability_tool_json = {'scannerType': val}\n    vulnerability_tool_curl = 'curl -k1 -H \"Authorization:' + encode_text + '\"' + ' -H \"Content-Type:application/json\"' + ' -X PATCH ' + add_vulnerability_tool_api + \" --data '\" + json.dumps(vulnerability_tool_json) + \"'\"\n    status, output = subprocess.getstatusoutput(vulnerability_tool_curl)\n    #print (\"add_vulnerability_tools\", status)\n\ndef add_web_scraping():\n    '''Adding Web Scraping tp the created Policy'''    \n    add_web_scraping_api = '{base_url}/{hash_code}/web-scraping'.format(base_url=BASE_URL, hash_code=hash_code)\n    bot_detection_alarm = form_fields['dr_bot_detection_alarm'] == 'Enabled'\n    bot_detection_alarm_block = form_fields['dr_bot_detection_alarm_block'] == 'Enabled'\n    anomaly_alarm = form_fields['dr_anomaly_alarm'] == 'Enabled'\n    anomaly_alarm_block = form_fields['dr_anomaly_alarm_block'] == 'Enabled'\n    fingerprinting = form_fields['dr_fingerprinting'] == 'Enabled'\n    web_scraping_json = {'botDetectionAlarm': bot_detection_alarm, 'botDetectionBlock': bot_detection_alarm_block, 'sessionOpeningAnomalyAlarm': anomaly_alarm, 'sessionOpeningAnomalyBlock': anomaly_alarm_block, 'enableFingerprinting': fingerprinting}\n    web_scraping_curl = 'curl -k1 -H \"Authorization:' + encode_text + '\"' + ' -H \"Content-Type:application/json\"' + ' -X PATCH ' + add_web_scraping_api + \" --data '\" + json.dumps(web_scraping_json) + \"'\"\n    status, output = subprocess.getstatusoutput(web_scraping_curl)\n    #print (\"add_web_scraping\", status)\n\ndef add_signature_staging():\n    '''Adding Signature Staging to the created Policy'''\n    list1 = []\n    add_signature_staging_api = '{base_url}/{hash_code}'.format(base_url=BASE_URL, hash_code=hash_code)\n    if form_fields['dr_additional_features'] == 'Yes':\n        if form_fields['rb_signature_staging_option'] == 'Yes' and form_fields['txt_enforecement_readiness_period'] != '':\n            signature_staging_json = {'stagingSettings': {'enforcementReadinessPeriod': form_fields['txt_enforecement_readiness_period'], 'placeSignaturesInStaging': False, 'signatureStaging': True}}\n        elif form_fields['rb_signature_staging_option'] == 'Yes' and form_fields['txt_enforecement_readiness_period'] == '':\n            signature_staging_json = {'stagingSettings': {'signatureStaging': False}}\n        elif form_fields['rb_signature_staging_option'] == 'Default' and form_fields['txt_enforecement_readiness_period'] != '':\n            signature_staging_json = {'stagingSettings': {'enforcementReadinessPeriod': form_fields['txt_enforecement_readiness_period']}}\n        signature_staging_curl = 'curl -k1 -H \"Authorization:' + encode_text + '\"' + ' -H \"Content-Type:application/json\"' + ' -X PATCH ' + add_signature_staging_api + \" --data '\" + json.dumps(signature_staging_json) + \"'\"\n        status, output = subprocess.getstatusoutput(signature_staging_curl)\n        list1.append(signature_staging_curl)\n        #print (\"add_signature_staging\", status)\n\ndef add_data_gaurd():\n    '''Adding Data Gaurd to the created Policy'''\n    add_data_gaurd_api = '{base_url}/{hash_code}/data-guard'.format(base_url=BASE_URL, hash_code=hash_code)\n    credidt_card_option = form_fields['rb_credit_card_number_option'] == 'Yes'\n    social_security_option = form_fields['rb_social_security_number_option'] == 'Yes'\n    data_gaurd_option = credidt_card_option = social_security_option == True\n    data_gaurd_json = {\"usSocialSecurityNumbers\": social_security_option, \"creditCardNumbers\": credidt_card_option, \"enabled\": data_gaurd_option}\n    data_gaurd_curl = 'curl -k1 -H \"Authorization:' + encode_text + '\"' + ' -H \"Content-Type:application/json\"' + ' -X PATCH ' + add_data_gaurd_api + \" --data '\" + json.dumps(data_gaurd_json) + \"'\"\n    status, output = subprocess.getstatusoutput(data_gaurd_curl)\n    #print (\"add_data_gaurd\", status)\n\ndef add_brute_force():\n    '''Adding Brute Force to yhr created Policy'''\n    add_brute_force_api = '{base_url}/{hash_code}/brute-force-attack-preventions'.format(base_url=BASE_URL, hash_code=hash_code)\n    brute_force_josn = {'bruteForceProtectionForAllLoginPages': form_fields['rb_brute_force_option'] == 'Yes'}\n    brute_force_curl = 'curl -k1 -H \"Authorization:' + encode_text + '\"' + ' -H \"Content-Type:application/json\"' + ' -X PATCH ' + add_brute_force_api + \" --data '\" + json.dumps(brute_force_josn) + \"'\"\n    status, output = subprocess.getstatusoutput(brute_force_curl)\n    #print (\"add_brute_force\", status)\n    \ndef add_csrf():\n    '''Adding CSRF to the created Policy'''\n    add_csrf_api = '{base_url}/{hash_code}/csrf-protection'.format(base_url=BASE_URL, hash_code=hash_code)\n    csrf_json = {\"enabled\": form_fields['rb_csrf_option'] == 'Yes'}\n    csrf_curl = 'curl -k1 -H \"Authorization:' + encode_text + '\"' + ' -H \"Content-Type:application/json\"' + ' -X PATCH ' + add_csrf_api + \" --data '\" + json.dumps(csrf_json) + \"'\"\n    status, output = subprocess.getstatusoutput(csrf_curl)\n    #print (\"add_csrf\", status)\n\ndef add_ip_intelligence():\n    '''Adding IP Intelligence to the created Policy'''\n    add_ip_intelligence_api = '{base_url}/{hash_code}/ip-intelligence'.format(base_url=BASE_URL, hash_code=hash_code)\n    ip_intelligence_json = {'enabled': form_fields['rb_ip_option'] == 'Yes'}\n    ip_intelligence_curl = 'curl -k1 -H \"Authorization:' + encode_text + '\"' + ' -H \"Content-Type:application/json\"' + ' -X PATCH ' + add_ip_intelligence_api + \" --data '\" + json.dumps(ip_intelligence_json) + \"'\"\n    status, output = subprocess.getstatusoutput(ip_intelligence_curl)\n    #print (\"add_ip_intelligence\", status)\n\ndef add_redirection_intelligence():\n    '''Adding Redirection Intelligence to the created Policy'''\n    add_redirection_intelligence_api = '{base_url}/{hash_code}/redirection-protection'.format(base_url=BASE_URL, hash_code=hash_code)\n    redirection_intelligence_json = {'redirectionProtectionEnabled': form_fields['rb_redirection_option'] == 'Yes'}\n    redirection_intelligence_curl = 'curl -k1 -H \"Authorization:' + encode_text + '\"' + ' -H \"Content-Type:application/json\"' + ' -X PATCH ' + add_redirection_intelligence_api + \" --data '\" + json.dumps(redirection_intelligence_json) + \"'\"\n    status, output = subprocess.getstatusoutput(redirection_intelligence_curl)\n    #print (\"add_redirection_intelligence\", status)\n\ndef add_login_enforcement():\n    '''Adding Login Enforcement to the created Policy'''\n    add_login_enforcement_api = '{base_url}/{hash_code}/login-enforcement'.format(base_url=BASE_URL, hash_code=hash_code)\n    if form_fields['rb_login_option'] == 'Yes':\n        login_enforcement_json = {'expirationTimePeriod': '600', 'authenticatedUrls': [], 'logoutUrls': []}\n        login_enforcement_curl = 'curl -k1 -H \"Authorization:' + encode_text + '\"' + ' -H \"Content-Type:application/json\"' + ' -X PATCH ' + add_login_enforcement_api + \" --data '\" + json.dumps(login_enforcement_json) + \"'\"\n        status, output = subprocess.getstatusoutput(login_enforcement_curl)\n        #print (\"add_login_enforcement\", status)\n\ndef add_session_awareness():\n    '''Adding Session Awareness to thr created Policy'''\n    add_session_awareness_api = '{base_url}/{hash_code}/session-tracking'.format(base_url=BASE_URL, hash_code=hash_code)\n    if form_fields['rb_session_option'] == 'Yes':\n        session_aswareness_json = {'sessionTrackingConfiguration': {'enableSessionAwareness': True}}\n    else:\n        session_aswareness_json = {'sessionTrackingConfiguration': {'enableSessionAwareness': False}}\n    session_aswareness_curl = 'curl -k1 -H \"Authorization:' + encode_text + '\"' + ' -H \"Content-Type:application/json\"' + ' -X PATCH ' + add_session_awareness_api + \" --data '\" + json.dumps(session_aswareness_json) + \"'\"\n    status, output = subprocess.getstatusoutput(session_aswareness_curl)\n    #print (\"add_session_awareness\", status)\n    \ndef save_policy_config():\n    '''Saving the config of the Policy after performing all the changes'''    \n    save_policy_url = 'https://{dev_ip}/mgmt/tm/asm/tasks/apply-policy'.format(dev_ip=device_ip)\n    saving_policy_json = {\"policyReference\": {\"link\": '\"https://' + device_ip + '/mgmt/tm/asm/policies/' + hash_code + '\"'}}\n    save_policy_url_curl = 'curl -k1 -H \"Authorization:' + encode_text + '\"' + ' -H \"Content-Type:application/json\"' + ' -X POST ' + save_policy_url + \" --data '\" + json.dumps(saving_policy_json) + \"'\"\n    status, output = subprocess.getstatusoutput(save_policy_url_curl)\n    #print (\"save_policy_config\", status)\n    #print (save_policy_url_curl)\n\nif __name__ == '__main__':\n    '''main'''\n    get_version()\n    get_hash_code()\n    add_geolocations()\n    add_virtual_server()\n    if form_fields['rb_vulnerability_tool_option'] == 'Yes':\n        add_vulnerability_tools()\n    if form_fields['rb_web_scraping_option'] == 'Yes':\n        add_web_scraping()\n    add_signature_staging()\n    add_data_gaurd()\n    add_brute_force()\n    add_csrf()\n    add_ip_intelligence()\n    add_redirection_intelligence()\n    add_login_enforcement()\n    add_session_awareness()\n    save_policy_config()\n",
  "description" : "",
  "_id" : "new_asm_policy_creation_vw",
  "_keywords" : [ "new_asm_policy_creation_vw", "" ]
}