{
  "name" : "logger_util",
  "scriptType" : "Python",
  "scriptContent" : "import logging\r\nfrom logging.handlers import RotatingFileHandler\r\n\r\nfrom config import (\r\n    LOG_LEVEL,\r\n    LOG_PATH,\r\n    LOG_FILE_NAME,\r\n    LOG_FORMAT,\r\n    MAX_LOG_SIZE\r\n)\r\n\r\n# If you set the level to any value, all the above levels will only get logged\r\n# Let's say we set Level to WARNING, only WARNING, ERROR and CRITICAL are logged\r\n# Level     Numeric value\r\n# CRITICAL      50\r\n# ERROR         40\r\n# WARNING       30\r\n# INFO          20\r\n# DEBUG         10\r\n# NOTSET         0\r\n#----------------------------------------------------------------------\r\n\r\n\r\ndef get_logger(template_name, file_name=LOG_FILE_NAME):\r\n    \"\"\"Given a file name, it creates a logger and configures it as per the\r\n    settings defined in the config, else returns a logger with a default name.\r\n\r\n    :param str file_name: Name of the log file\r\n    :returns: Logger handler\r\n    \"\"\"\r\n    class ContextFilter(logging.Filter):\r\n        \"\"\"\r\n        This is a filter which injects contextual information into the log.\r\n        \"\"\"\r\n\r\n        def filter(self, record):\r\n            record.template = template_name\r\n            return True\r\n\r\n    formatter = logging.Formatter(LOG_FORMAT)\r\n    logger = logging.getLogger(\"Rotating Log\")\r\n    logger.setLevel(LOG_LEVEL)\r\n    path = LOG_PATH + '/' + file_name\r\n    handler = RotatingFileHandler(path,\r\n                                  maxBytes=MAX_LOG_SIZE,\r\n                                  backupCount=5)\r\n    logger.addFilter(ContextFilter())\r\n    handler.setFormatter(formatter)\r\n    logger.addHandler(handler)\r\n    return logger\r\n\r\n#----------------------------------------------------------------------\r\nif __name__ == \"__main__\":\r\n    logger = get_logger('Create_VIP')\r\n    logger.error(\"test\")\r\n    logger.critical(\"critical\")\r\n    logger.info(\"info\")\r\n",
  "description" : "",
  "_id" : "logger_util",
  "_keywords" : [ "logger_util", "" ]
}