{
  "name" : "gtm_collection_helper_vw",
  "scriptType" : "Python",
  "scriptContent" : "\n'''\nCreated on 20-Jul-2016\n\n@author: bakthavatchalam.g\n'''\nimport sys\nimport json\nfrom bson.objectid import ObjectId\n'''from nsnitro import NSNitro\nfrom nsnitro.nsresources import (\n    NSGSLBVServer,\n    NSGSLBService\n)'''\nexec(\"dependencies = \\\"AVX::DEPENDENCIES\\\"\")\nexec(\"helper = \\\"AVX::HELPER\\\"\")\nsys.path.insert(0, dependencies)\nsys.path.insert(0, helper)\nimport appviewx\n\nDB_CONN = appviewx.db_connection()\navx_db = DB_CONN.appviewx\nadc_collection = avx_db.me_adc\n\n\ndef get_device_ip(device_id):\n    \"\"\"Given a device id, returns its Ip address and port\n    \"\"\"\n    device_collection = avx_db.device\n    result = device_collection.find_one({'_id': ObjectId(device_id)})\n    return result and result['ip'] or ''\n\n\ndef get_wide_ip_list(device_id, json_format=False, field_id=None, vendor='F5' , partition = 'Common'):\n    \"\"\"Given a device id, returns the list of wide ip's\n    \"\"\"\n    result = {}\n    if vendor == 'F5':\n        result = adc_collection.find({\"deviceId\": device_id, \"code\": \"gw\" , \"partition\" : partition })\n    if not json_format:\n        return [row['name'] for row in result if row.get('name')]\n    else:\n        return json.dumps([{field_id: row['name']} for row in result if row.get('name')]) or []\n\n\ndef get_wide_ip_id(wip_name):\n    \"\"\"\n    \"\"\"\n    result = adc_collection.find_one({\"name\": wip_name, \"code\": \"gw\"})\n    return result and result['_id'] or ''\n\n\ndef get_pool_by_wip(device_id, wip, json_format=False, field_id=None, vendor='F5'):\n    \"\"\"Given a device id and vip name, gets the pool of the vip\n\n    :param str device_id: Id of the device\n    :param str wip: Id/Name of the wide ip\n    :param bool json_format: When True, it formats the data as per the Jython needs\n    :param str field_id: When json_format is True, this field is Mandate.\n    :returns: the ltm pool or dict\n    \"\"\"\n    pools = []\n    if vendor == 'F5':\n        result = adc_collection.find_one({'_id': wip, \"code\": \"gw\"})\n\n        if result and result.get('gp'):\n            pools = [row['name'] for val in result['gp'] for row in adc_collection.find({\"_id\": val, \"code\": \"gp\"}) if row.get('name')]\n        '''elif vendor == 'Citrix':\n        device_ip = get_device_ip(device_id)\n        if device_ip:\n            nitro = NSNitro(device_ip, 'nsroot', 'nsroot')  # TODO: Need to get cred from DB\n            nitro.login()\n            result = [{'name': wip.get_name()} for service in NSGSLBService.get_all(nitro) if True]\n            for service in NSGSLBService.get_all(nitro):\n                print service.get_servername()\n                print service.get_sitename()'''\n\n        if not json_format:\n            return pools\n        else:\n            return json.dumps([{field_id: pool} for pool in pools])\n\n\ndef get_pool_id(pool_name):\n    \"\"\"Given a pool_name, returns its id from gtm collection\n\n    :param str pool_name: Name of the pool\n    :returns str Id: Id of the pool\n    \"\"\"\n    result = adc_collection.find_one({'name': pool_name, 'code': 'gp'})\n    if result:\n        return result['_id']\n    return ''\n\n\ndef is_pool_used_by_other_wips(device_id, wip_id, pool_name):\n    \"\"\"Given a device id, wip_id, pool name, tells if the pool is used by other vips\n\n    :param str device_id: Id of the device\n    :param str wip_id: Id of the wip\n    :param str pool_name: name of the pool\n    :returns: True, if pool used by other vip, else False\n    \"\"\"\n    pool_id = get_pool_id(pool_name)\n    if pool_id:\n        return bool(adc_collection.find_one({\"code\": \"gw\", \"gp\": {\"$in\": [pool_id]}, \"_id\": {\"$ne\": wip_id}}) or {})\n    return False\n\n\ndef get_monitors(pool_name, monitor_type=None, json_format=False, field_id=None):\n    \"\"\"Given a device_id, pool_name returns the monitors for the pool\n\n    :param str pool_name: name of the pool (optional)\n    :param str monitor_type: Type of the monitor (optional)\n    :param bool json_format: When True, it formats the data as per the Jython needs\n    :param str field_id: When json_format is True, this field is Mandate.\n    :returns: list of monitors used by the pool\n    \"\"\"\n    monitors = []\n    pool_id = get_pool_id(pool_name)\n    if pool_id:\n        filters = {'_id': pool_id, \"code\": \"gp\"}\n\n        result = adc_collection.find_one(filters)\n        if result and result.get('monitors') not in ('none', '', 'None'):\n            monitors = [monitor.split('/')[-1] for monitor in result['monitors'].split(',')]\n\n        if monitor_type:\n            monitors = [monitor for monitor in monitors if get_monitor_type(monitor) == monitor_type]\n\n        if not json_format:\n            return monitors\n        else:\n            return json.dumps([{field_id: monitor} for monitor in monitors])\n\n\ndef get_pools_by_monitor(device_id, monitor):\n    \"\"\"Given a device_id and monitor , returns the list of pools where the monitor is used\n\n    :param str device_id: Id of the device\n    :param str monitor: Name of the monitor\n    :returns: list of pools\n    \"\"\"\n    pools = []\n    for row in adc_collection.find({\"code\": \"gp\", \"deviceId\": device_id}):\n        if monitor in row.get('monitors', '').split(\",\"):\n            pools.append(row['name'])\n    return pools\n\n\ndef get_monitor_type(monitor_name):\n    \"\"\"Given a device_id and monitor_name, returns the type of the monitor\n\n    :param str monitor_name: Name of the monitor\n    :returns: type of the monitor\n    \"\"\"\n    result = adc_collection.find_one({\"name\": monitor_name, \"code\": \"gm\"})\n    return result and result.get('type') or ''\n",
  "description" : "",
  "_id" : "gtm_collection_helper_vw",
  "_keywords" : [ "gtm_collection_helper_vw", "" ]
}